{
  "$schema": "http://json-schema.org/draft-04-schema#",
  "definitions" : {
    "forwardProxyInfo": {
      "type": "object",
      "properties": {
        "host": {
          "type": "string"
        },
        "secure": {
          "type": "boolean"
        },
        "port": {
          "type": "integer"
        },
        "user": {
          "type": "string"
        },
        "pass": {
          "type": "string"
        }
      },
      "required": [
        "host",
        "secure",
        "port"
      ]
    },
    "certInfo": {
      "type": "object",
      "properties": {
        "certChainPath": {
          "type": "string"
        },
        "keyPath": {
          "type": "string"
        }
      },
      "required": [
        "certChainPath",
        "keyPath"
      ]
    },
    "sandboxServerInfo": {
      "description": "Information about how traffic should be served by the sandbox connector",
      "type": "object",
      "properties": {
        "secure": {
          "type": "boolean"
        },
        "port": {
          "type": "integer"
        },
        "host": {
          "type": "string"
        },
        "cert": {
          "$ref": "#/definitions/certInfo"
        }
      },
      "required": [
        "secure",
        "port",
        "host"
      ]
    }
  },
  "type": "object",
  "description": "object that specifies the information about how the sandbox client should be configured",
  "properties": {
    "sandboxServerInfo": {
      "$ref": "#/definitions/sandboxServerInfo"
    },
    "connectorServerInfo": {
      "$ref": "#/definitions/sandboxServerInfo"
    },
    "proxy": {
      "$ref": "#/definitions/forwardProxyInfo"
    },
    "advanced": {
      "type": "object",
      "properties": {
        "requestDetail": {
          "type": "boolean"
        },
        "customGhostIP": {
          "type": "string"
        },
        "gw2gProtocol": {
          "type": "string",
          "pattern":"h[1-2]"
        }
      }
    },
    "originMappings": {
      "type": "array",
      "items": {
        "properties": {
          "from": {
            "type": "string"
          },
          "fromHostname": {
            "type": "string"
          },
          "fromHostHeader": {
            "type": "string"
          },
          "to": {
            "anyOf": [
              {
                "type": "string"
              },
              {
                "type": "object",
                "properties": {
                  "secure": {
                    "type": "boolean"
                  },
                  "port": {
                    "type": "integer"
                  },
                  "host": {
                    "type": "string"
                  },
                  "hostHeader": {
                    "type": "string"
                  },
                  "useProxy": {
                    "type": "boolean"
                  }
                },
                "required": [
                  "secure",
                  "port",
                  "host"
                ]
              }
            ]
          }
        },
        "required": [
          "to"
        ],
        "oneOf": [
          {
            "required": [
              "fromHostHeader"
            ]
          },
          {
            "required": [
              "from"
            ]
          },
          {
            "required": [
              "fromHostname"
            ]
          }
        ]
      }
    }
  },
  "jwt": {
    "type": "string"
  },
  "required": [
    "originMappings"
  ],
  "oneOf": [
    {
      "required": [
        "sandboxServerInfo"
      ]
    },
    {
      "required": [
        "connectorServerInfo"
      ]
    }
  ]
}

